{"cameraMode":{"drawMode":0,"name":"Shaded","section":"Shading Mode"},"sceneLighting":false,"audioPlay":false,"sceneViewState":{"showFog":true,"showMaterialUpdate":false,"showSkybox":true,"showFlares":true,"showImageEffects":true,"showParticleSystems":true},"in2DMode":false,"pivot":{"x":0.5929050445556641,"y":0.10785341262817383,"z":2.4071948528289797},"rotation":{"x":0.1308678835630417,"y":0.12739552557468415,"z":-0.016743125393986703,"w":0.9831075072288513},"size":8.087852478027344,"orthographic":false}