{"cameraMode":{"drawMode":0,"name":"Shaded","section":"Shading Mode"},"sceneLighting":true,"audioPlay":false,"sceneViewState":{"showFog":true,"showMaterialUpdate":false,"showSkybox":true,"showFlares":true,"showImageEffects":true,"showParticleSystems":true,"showVisualEffectGraphs":true,"m_FxEnabled":true},"in2DMode":false,"pivot":{"x":1.313913106918335,"y":-0.434356689453125,"z":6.871889591217041},"rotation":{"x":-0.023997055366635324,"y":0.006293963640928268,"z":0.00015118457667995244,"w":0.99969083070755},"size":759.9065551757813,"orthographic":true}